Customer Churn Status,Customer Tenure in months,Customer Review,Full Name,Customer ID,churn_probability,risk_level
Yes,2,Fair,Ngozi Berry,CUST0001,0.9533827900940096,Critical
Yes,22,Fair,Zainab Baker,CUST0002,0.9253915000779259,Critical
No,60,Poor,Saidu Evans,CUST0003,0.11187546221867088,Low
No,60,Poor,Saidu Evans,CUST0003,0.23255533512954996,Low
No,60,Poor,Saidu Evans,CUST0003,0.16510729477585998,Low
No,14,Poor,Ejiro Walker,CUST0004,0.02970681073635361,Low
No,53,Good,Nura Mann,CUST0005,0.056800911605378,Low
No,9,Excellent,Tamuno Lewis,CUST0006,0.14215622062812758,Low
No,9,Excellent,Tamuno Lewis,CUST0006,0.012691651089907652,Low
No,9,Excellent,Tamuno Lewis,CUST0006,0.10338286122497813,Low
Yes,39,Excellent,Boma Stewart,CUST0007,0.9979667272064466,Critical
No,30,Good,Ifeanyi Park,CUST0008,0.04375684620286121,Low
No,35,Excellent,Bala Robbins,CUST0009,0.09657152067088763,Low
No,6,Poor,Halima Ochoa,CUST0010,0.019005433494958486,Low
No,6,Poor,Halima Ochoa,CUST0010,0.04247050938608652,Low
No,6,Poor,Halima Ochoa,CUST0010,0.02312091862529379,Low
Yes,8,Fair,Ejiro Griffith,CUST0011,0.9817678548210199,Critical
Yes,8,Fair,Ejiro Griffith,CUST0011,0.9863293639557108,Critical
Yes,8,Fair,Ejiro Griffith,CUST0011,0.9511067234448928,Critical
No,47,Fair,Zainab Morton,CUST0012,0.08899085248340298,Low
No,47,Fair,Zainab Morton,CUST0012,0.1254328481371159,Low
Yes,52,Fair,Ngozi Moreno,CUST0013,0.987500773035519,Critical
Yes,52,Fair,Ngozi Moreno,CUST0013,0.9894812796704191,Critical
No,6,Fair,Ngozi Crawford,CUST0014,0.2969524049720395,Low
No,6,Fair,Ngozi Crawford,CUST0014,0.1101094450120279,Low
No,13,Fair,Abubakar Garner,CUST0015,0.10326387872946932,Low
No,13,Fair,Abubakar Garner,CUST0015,0.04901028505254182,Low
No,13,Fair,Abubakar Garner,CUST0015,0.15617095935987954,Low
No,57,Excellent,Kunle Ford,CUST0016,0.21179339064245806,Low
No,57,Excellent,Kunle Ford,CUST0016,0.2630398947590843,Low
No,57,Excellent,Kunle Ford,CUST0016,0.3344527890729907,Medium
Yes,35,Excellent,Tunde Hayes,CUST0017,0.9976136846965377,Critical
No,43,Poor,David Fletcher,CUST0018,0.0557240509146163,Low
No,46,Fair,Obinna Wright,CUST0019,0.01702787024718663,Low
No,46,Fair,Obinna Wright,CUST0019,0.062118115839177146,Low
Yes,36,Excellent,Amaka Reed,CUST0020,0.9979748916601706,Critical
Yes,36,Excellent,Amaka Reed,CUST0020,0.9834139979633553,Critical
Yes,36,Excellent,Amaka Reed,CUST0020,0.9955177624379782,Critical
No,23,Excellent,Oghene Brown,CUST0021,0.16520993811563725,Low
No,18,Poor,Shehu Ferguson,CUST0022,0.03523555718527444,Low
No,2,Very Good,Oghene Vazquez,CUST0023,0.042850823243895435,Low
No,57,Fair,David Johnson,CUST0024,0.19369063997480698,Low
No,57,Fair,David Johnson,CUST0024,0.2331360141480303,Low
No,3,Poor,Ifeanyi Brown,CUST0025,0.1084801168262281,Low
No,3,Poor,Ifeanyi Brown,CUST0025,0.2242757631453337,Low
No,3,Poor,Ifeanyi Brown,CUST0025,0.0696521085032331,Low
No,13,Very Good,Ese Simmons,CUST0026,0.026247792840135266,Low
No,51,Very Good,Maryam Reyes,CUST0027,0.15510493185591848,Low
No,51,Very Good,Maryam Reyes,CUST0027,0.1730659084857941,Low
No,51,Very Good,Maryam Reyes,CUST0027,0.08155560526371004,Low
No,31,Very Good,Obinna Sanchez,CUST0028,0.07160310638676046,Low
No,31,Very Good,Obinna Sanchez,CUST0028,0.13424083458389247,Low
No,4,Poor,Boma Franco,CUST0029,0.019072763747132654,Low
No,4,Poor,Boma Franco,CUST0029,0.03335187632475773,Low
Yes,50,Fair,Alabo Davis,CUST0030,0.9963127692160783,Critical
Yes,50,Fair,Alabo Davis,CUST0030,0.9962411343213138,Critical
Yes,50,Fair,Alabo Davis,CUST0030,0.9985459149488242,Critical
Yes,35,Very Good,Kunle West,CUST0031,0.9887597488192122,Critical
Yes,35,Very Good,Kunle West,CUST0031,0.9902970813679542,Critical
No,32,Good,Maryam Terry,CUST0032,0.23986109659879173,Low
No,59,Excellent,Amina Mosley,CUST0033,0.11120689430653669,Low
No,21,Very Good,Shehu Anderson,CUST0034,0.05997916309353335,Low
No,21,Very Good,Shehu Anderson,CUST0034,0.127988370426697,Low
Yes,49,Fair,Oghene Mcguire,CUST0035,0.9856599887716369,Critical
Yes,49,Fair,Oghene Mcguire,CUST0035,0.9814177939030867,Critical
Yes,49,Fair,Oghene Mcguire,CUST0035,0.9615507675199223,Critical
No,38,Good,Ifeanyi Randall,CUST0036,0.044846652274548524,Low
No,38,Good,Ifeanyi Randall,CUST0036,0.13915906919410995,Low
No,43,Poor,Ifeanyi Ruiz,CUST0037,0.05342352067927346,Low
No,43,Poor,Ifeanyi Ruiz,CUST0037,0.1111494025708326,Low
Yes,30,Excellent,Shehu Randall,CUST0038,0.997537985882848,Critical
No,32,Fair,Zina Green,CUST0039,0.184144912928299,Low
No,32,Fair,Zina Green,CUST0039,0.2082622917455555,Low
No,36,Very Good,Chinedu Ruiz,CUST0040,0.2803029162714184,Low
No,36,Very Good,Chinedu Ruiz,CUST0040,0.2986309142849331,Low
No,28,Good,Ejiro Mason,CUST0041,0.1088208562102689,Low
No,28,Good,Ejiro Mason,CUST0041,0.04863022317703432,Low
No,18,Poor,Shehu Hoffman,CUST0042,0.015524991862652679,Low
No,18,Poor,Shehu Hoffman,CUST0042,0.04085965599111561,Low
Yes,56,Excellent,Abubakar Johnson,CUST0043,0.9950574422968751,Critical
Yes,56,Excellent,Abubakar Johnson,CUST0043,0.998406576714519,Critical
No,10,Poor,Grace Walker,CUST0044,0.010473068869854397,Low
No,20,Excellent,Alabo Thompson,CUST0045,0.13906307060414105,Low
No,11,Very Good,Amina Wright,CUST0046,0.031549904713762386,Low
No,11,Very Good,Amina Wright,CUST0046,0.07344556154350994,Low
No,11,Very Good,Amina Wright,CUST0046,0.024488464990140835,Low
No,42,Good,Bala Christian,CUST0047,0.11889699577995529,Low
No,45,Very Good,Abubakar Gentry,CUST0048,0.2178346468701406,Low
No,45,Very Good,Abubakar Gentry,CUST0048,0.27349039467918523,Low
No,45,Very Good,Abubakar Gentry,CUST0048,0.24205659176401637,Low
Yes,34,Good,Zainab Taylor,CUST0049,0.9799811584542202,Critical
Yes,34,Good,Zainab Taylor,CUST0049,0.9844602008791691,Critical
Yes,43,Excellent,Tega Stevens,CUST0050,0.9993398917296487,Critical
Yes,43,Excellent,Tega Stevens,CUST0050,0.9986691606139045,Critical
No,34,Excellent,Zina Carter,CUST0051,0.06057294115949569,Low
No,34,Excellent,Zina Carter,CUST0051,0.1825978248131695,Low
No,34,Excellent,Zina Carter,CUST0051,0.0450853819559792,Low
Yes,36,Poor,Halima Johnston,CUST0052,0.9689051806193116,Critical
Yes,27,Very Good,Grace Christensen,CUST0053,0.9563686434087847,Critical
Yes,22,Poor,Amaka Potter,CUST0054,0.9936276756582721,Critical
Yes,22,Poor,Amaka Potter,CUST0054,0.9911848685290309,Critical
Yes,22,Poor,Amaka Potter,CUST0054,0.995879360178282,Critical
No,3,Very Good,Halima Smith,CUST0055,0.06790321891486142,Low
No,3,Very Good,Halima Smith,CUST0055,0.04186806684919579,Low
No,34,Poor,Tega Daniels,CUST0056,0.0874132038870722,Low
No,34,Poor,Tega Daniels,CUST0056,0.04997120638141529,Low
Yes,21,Excellent,Chinedu Davis,CUST0057,0.9992695031428618,Critical
Yes,45,Poor,Ngozi Brown,CUST0058,0.9855528234318869,Critical
No,12,Excellent,Halima Williams,CUST0059,0.03975602669340585,Low
No,12,Excellent,Halima Williams,CUST0059,0.0923182986680611,Low
No,12,Excellent,Halima Williams,CUST0059,0.06021652450679457,Low
No,38,Very Good,Amina Payne,CUST0060,0.24070887234435628,Low
No,38,Very Good,Amina Payne,CUST0060,0.34168184463767065,Medium
No,18,Excellent,Abubakar Ewing,CUST0061,0.27048248910171413,Low
No,18,Excellent,Abubakar Ewing,CUST0061,0.4614524880247914,Medium
No,18,Excellent,Abubakar Ewing,CUST0061,0.5544537994694546,High
Yes,3,Fair,Ngozi Henson,CUST0062,0.974022325446535,Critical
Yes,3,Fair,Ngozi Henson,CUST0062,0.9825858560387366,Critical
No,48,Poor,Amina Flores,CUST0063,0.2711751510198217,Low
No,17,Very Good,Ejiro Ford,CUST0064,0.20866192923398535,Low
No,17,Very Good,Ejiro Ford,CUST0064,0.06766099618294984,Low
No,17,Very Good,Ejiro Ford,CUST0064,0.25297782490453874,Low
No,8,Poor,Kunle Shaw,CUST0065,0.030913683452967494,Low
No,8,Poor,Kunle Shaw,CUST0065,0.05656996244937689,Low
No,42,Very Good,David Schneider,CUST0066,0.03506193870639042,Low
No,42,Very Good,David Schneider,CUST0066,0.21404378168648971,Low
No,18,Poor,Ejiro Smith,CUST0067,0.027426730168379036,Low
No,18,Poor,Ejiro Smith,CUST0067,0.037654779809361084,Low
Yes,54,Excellent,Halima Anderson,CUST0068,0.9818951348287969,Critical
Yes,35,Fair,Tunde Oliver,CUST0069,0.9426214133931378,Critical
No,4,Very Good,Ese Obrien,CUST0070,0.06775223376651757,Low
No,47,Very Good,Alabo Keith,CUST0071,0.21118317659001676,Low
No,58,Good,Ngozi Hernandez,CUST0072,0.21077330240324954,Low
No,30,Poor,Ese Flowers,CUST0073,0.03302746283770592,Low
No,27,Good,Ibim Marshall,CUST0074,0.02340951185646073,Low
No,27,Good,Ibim Marshall,CUST0074,0.1725157891429509,Low
No,27,Good,Ibim Marshall,CUST0074,0.15215338617944035,Low
No,56,Poor,Tega Medina,CUST0075,0.17767351107433102,Low
No,56,Poor,Tega Medina,CUST0075,0.24045634880711023,Low
No,56,Poor,Tega Medina,CUST0075,0.14056064209931912,Low
No,2,Good,Nura Mcneil,CUST0076,0.3336480575666282,Medium
No,2,Good,Nura Mcneil,CUST0076,0.361855024610594,Medium
No,30,Fair,Chinedu Pitts,CUST0077,0.18965358658081716,Low
No,30,Fair,Chinedu Pitts,CUST0077,0.17951745870254276,Low
No,30,Fair,Chinedu Pitts,CUST0077,0.3179775785662704,Medium
No,49,Good,Alabo Kelly,CUST0078,0.049126133915349986,Low
No,49,Good,Alabo Kelly,CUST0078,0.11597345966562385,Low
No,21,Poor,Fatima Pennington,CUST0079,0.03805219324041206,Low
No,21,Poor,Fatima Pennington,CUST0079,0.019620967931462802,Low
No,2,Poor,Kunle Williams,CUST0080,0.0412461162271012,Low
No,2,Poor,Kunle Williams,CUST0080,0.06294708963895472,Low
No,2,Poor,Kunle Williams,CUST0080,0.06272239508357588,Low
Yes,28,Excellent,Chinedu Ortiz,CUST0081,0.9958374666180115,Critical
Yes,28,Excellent,Chinedu Ortiz,CUST0081,0.9810507626137257,Critical
Yes,47,Fair,Michael Ortiz,CUST0082,0.9875964688821207,Critical
Yes,44,Good,Shehu Holt,CUST0083,0.9932034892428561,Critical
Yes,44,Good,Shehu Holt,CUST0083,0.9986546670422559,Critical
Yes,4,Good,Maryam Velez,CUST0084,0.9725412565688578,Critical
No,33,Poor,Alabo Turner,CUST0085,0.047783926112913724,Low
No,33,Poor,Alabo Turner,CUST0085,0.14492795429876573,Low
No,25,Good,Amina Rivas,CUST0086,0.07444198311825069,Low
No,22,Excellent,Omamuzo Guerrero,CUST0087,0.032746928724049024,Low
No,22,Excellent,Omamuzo Guerrero,CUST0087,0.032864172558550155,Low
Yes,2,Good,Amaka Brown,CUST0088,0.9793522089325142,Critical
Yes,2,Good,Amaka Brown,CUST0088,0.994648923258338,Critical
Yes,39,Fair,Michael Schultz,CUST0089,0.9910480484758416,Critical
Yes,39,Fair,Michael Schultz,CUST0089,0.9899196358487881,Critical
Yes,39,Fair,Michael Schultz,CUST0089,0.9824267488169528,Critical
No,30,Very Good,John Montoya,CUST0090,0.1232893895720888,Low
No,30,Very Good,John Montoya,CUST0090,0.20309734207461852,Low
No,49,Good,Ngozi Fox,CUST0091,0.06146615770785959,Low
No,49,Good,Ngozi Fox,CUST0091,0.03051538075970913,Low
No,49,Good,Ngozi Fox,CUST0091,0.03479178636156026,Low
No,21,Good,Chinedu Burke,CUST0092,0.019467511769964467,Low
Yes,58,Poor,Amaka Webb,CUST0093,0.983172882812895,Critical
Yes,27,Poor,Maryam Tucker,CUST0094,0.9616335137244496,Critical
Yes,27,Poor,Maryam Tucker,CUST0094,0.9441720004564288,Critical
Yes,27,Poor,Maryam Tucker,CUST0094,0.9303785536741196,Critical
No,25,Poor,Sarah James,CUST0095,0.04014167192915447,Low
No,25,Poor,Sarah James,CUST0095,0.0430523591836847,Low
No,35,Fair,Tega Turner,CUST0096,0.21450154307374514,Low
No,35,Fair,Tega Turner,CUST0096,0.01373837267505613,Low
No,35,Fair,Tega Turner,CUST0096,0.35116817386458377,Medium
Yes,53,Good,Ese Perez,CUST0097,0.30316838891503256,Medium
No,28,Very Good,Tega Murray,CUST0098,0.12123894094883196,Low
No,28,Very Good,Tega Murray,CUST0098,0.1108827567381009,Low
Yes,35,Good,Boma Gonzalez,CUST0099,0.9784636672608534,Critical
Yes,35,Good,Boma Gonzalez,CUST0099,0.9948394238127097,Critical
Yes,35,Good,Boma Gonzalez,CUST0099,0.9917653934212134,Critical
No,2,Excellent,Kunle Davis,CUST0100,0.08177979337345072,Low
No,2,Excellent,Kunle Davis,CUST0100,0.05633193839782521,Low
No,24,Poor,Bola Brown,CUST0101,0.06055015540308698,Low
No,24,Poor,Bola Brown,CUST0101,0.05649528385028542,Low
No,24,Poor,Bola Brown,CUST0101,0.0438434280856399,Low
Yes,14,Very Good,Ifeanyi Burns,CUST0102,0.9776314789247742,Critical
No,36,Good,Chinedu Barrera,CUST0103,0.12537103765347438,Low
No,36,Good,Chinedu Barrera,CUST0103,0.07961120740889502,Low
No,36,Good,Chinedu Barrera,CUST0103,0.04221967999496188,Low
No,20,Very Good,Zina Fischer,CUST0104,0.07379417541388139,Low
No,20,Very Good,Zina Fischer,CUST0104,0.08520903641666885,Low
No,33,Poor,Amaka Garcia,CUST0105,0.07442557169449023,Low
No,33,Poor,Amaka Garcia,CUST0105,0.03378864089598594,Low
No,41,Fair,Abubakar Holmes,CUST0106,0.08664067521077383,Low
No,41,Fair,Abubakar Holmes,CUST0106,0.05401767145442318,Low
No,41,Fair,Abubakar Holmes,CUST0106,0.09964887884560164,Low
No,42,Fair,Bola Rogers,CUST0107,0.0928796411079111,Low
Yes,30,Poor,John Rose,CUST0108,0.9910227732259701,Critical
Yes,30,Poor,John Rose,CUST0108,0.9818136511806799,Critical
Yes,21,Very Good,Tamuno Bates,CUST0109,0.955774189237458,Critical
No,60,Fair,Ibim Richards,CUST0110,0.08097290890194299,Low
No,60,Fair,Ibim Richards,CUST0110,0.1783892922882424,Low
No,19,Excellent,Fatima Blevins,CUST0111,0.07443553592166863,Low
No,19,Excellent,Fatima Blevins,CUST0111,0.11506611448441524,Low
No,19,Excellent,Fatima Blevins,CUST0111,0.058549745163137795,Low
Yes,25,Excellent,Bala Smith,CUST0112,0.9853362788246427,Critical
Yes,25,Excellent,Bala Smith,CUST0112,0.9828345872677925,Critical
Yes,25,Excellent,Bala Smith,CUST0112,0.9855012953701391,Critical
No,9,Very Good,Michael Evans,CUST0113,0.19529466601819917,Low
Yes,33,Excellent,Amina Todd,CUST0114,0.9939605554637532,Critical
No,42,Poor,Maryam Smith,CUST0115,0.22633602167125347,Low
Yes,29,Very Good,Bola Garcia,CUST0116,0.23615692791577972,Low
No,36,Very Good,Sade Collins,CUST0117,0.15927206448821699,Low
No,36,Very Good,Sade Collins,CUST0117,0.06061026785258429,Low
No,50,Fair,Zainab Garcia,CUST0118,0.17965460582642576,Low
No,50,Fair,Zainab Garcia,CUST0118,0.07654593512963817,Low
No,19,Good,Omamuzo Terry,CUST0119,0.027310297183564484,Low
Yes,60,Fair,Fatima Lindsey,CUST0120,0.6260278960170624,High
Yes,60,Fair,Fatima Lindsey,CUST0120,0.533501910448674,High
Yes,60,Fair,Fatima Lindsey,CUST0120,0.7672583074660855,Critical
No,31,Good,Tunde Smith,CUST0121,0.24409105099475814,Low
No,31,Good,Tunde Smith,CUST0121,0.2019457882683399,Low
No,31,Good,Tunde Smith,CUST0121,0.36449470444798293,Medium
No,1,Excellent,Grace Fowler,CUST0122,0.013725641864049166,Low
No,1,Excellent,Grace Fowler,CUST0122,0.1304275907043483,Low
No,46,Poor,Tega Chen,CUST0123,0.30050401851164127,Medium
No,46,Poor,Tega Chen,CUST0123,0.08543264116087902,Low
Yes,60,Poor,Shehu Nguyen,CUST0124,0.995469821640855,Critical
Yes,60,Poor,Shehu Nguyen,CUST0124,0.9966341742002167,Critical
No,20,Very Good,Halima Aguilar,CUST0125,0.09377804307401855,Low
No,20,Very Good,Halima Aguilar,CUST0125,0.0631143120948586,Low
No,20,Very Good,Halima Aguilar,CUST0125,0.12406768204578378,Low
No,49,Excellent,Ejiro Ware,CUST0126,0.5640695344111497,High
No,37,Fair,Ifeanyi Clayton,CUST0127,0.01392880473309671,Low
No,37,Fair,Ifeanyi Clayton,CUST0127,0.05888157047914492,Low
No,37,Fair,Ifeanyi Clayton,CUST0127,0.024320237849340374,Low
No,26,Poor,Sade Berry,CUST0128,0.03569995442256941,Low
No,26,Poor,Sade Berry,CUST0128,0.05346753376692268,Low
No,26,Poor,Sade Berry,CUST0128,0.022004124380046623,Low
No,58,Very Good,Shehu Lee,CUST0129,0.2577823112020335,Low
No,58,Very Good,Shehu Lee,CUST0129,0.3110521240281184,Medium
No,49,Good,Tamuno Greer,CUST0130,0.023385007952488764,Low
No,49,Good,Tamuno Greer,CUST0130,0.038419143980475336,Low
No,49,Good,Tamuno Greer,CUST0130,0.09289280211982799,Low
No,7,Very Good,Funke Hart,CUST0131,0.0356546058591022,Low
No,7,Very Good,Funke Hart,CUST0131,0.028818989794565698,Low
No,7,Very Good,Funke Hart,CUST0131,0.023829325015531255,Low
Yes,20,Excellent,Nura Yang,CUST0132,0.9896233077273978,Critical
Yes,20,Excellent,Nura Yang,CUST0132,0.9843232243460499,Critical
Yes,45,Very Good,Oghene Cooper,CUST0133,0.9843611396538569,Critical
Yes,27,Very Good,Obinna Branch,CUST0134,0.9816086616857975,Critical
Yes,27,Very Good,Obinna Branch,CUST0134,0.9842617498060604,Critical
No,31,Good,Bola Anderson,CUST0135,0.15434313404486646,Low
No,59,Excellent,John Hill,CUST0136,0.2534006751806842,Low
No,59,Excellent,John Hill,CUST0136,0.2504579223633921,Low
No,59,Good,Zina Singh,CUST0137,0.0955721141555284,Low
No,22,Very Good,Ibim Brown,CUST0138,0.03250871124099607,Low
Yes,11,Fair,Saidu Holt,CUST0139,0.99408132570998,Critical
Yes,11,Fair,Saidu Holt,CUST0139,0.9902929848162865,Critical
No,1,Excellent,Amaka Vang,CUST0140,0.02650823870524127,Low
No,35,Poor,Ibim Faulkner,CUST0141,0.2953456559715586,Low
No,51,Poor,Bala Hood,CUST0142,0.07432975978004529,Low
No,51,Poor,Bala Hood,CUST0142,0.054041350149326796,Low
No,25,Poor,Bola Brooks,CUST0143,0.13667176109490217,Low
No,25,Poor,Bola Brooks,CUST0143,0.10951892689265445,Low
No,25,Poor,Bola Brooks,CUST0143,0.13211486136972098,Low
No,60,Good,Fatima Wheeler,CUST0144,0.4148445301002288,Medium
No,60,Good,Fatima Wheeler,CUST0144,0.20732183425298564,Low
No,60,Good,Fatima Wheeler,CUST0144,0.16006036042013697,Low
No,25,Poor,Halima Valencia,CUST0145,0.3839343597807749,Medium
No,25,Poor,Halima Valencia,CUST0145,0.21240168064849782,Low
Yes,51,Very Good,Tamuno Boyd,CUST0146,0.9913475615373935,Critical
Yes,51,Very Good,Tamuno Boyd,CUST0146,0.9985877539992287,Critical
No,46,Very Good,Chinedu Martinez,CUST0147,0.18134473081971125,Low
No,6,Very Good,Ejiro Finley,CUST0148,0.19845444849362825,Low
No,6,Very Good,Ejiro Finley,CUST0148,0.07133248328620136,Low
No,6,Very Good,Ejiro Finley,CUST0148,0.003958099982164999,Low
Yes,44,Fair,Omamuzo Levine,CUST0149,0.9887644349409399,Critical
Yes,44,Fair,Omamuzo Levine,CUST0149,0.9952752127735138,Critical
Yes,39,Very Good,Ejiro Roman,CUST0150,0.9982798065225704,Critical
No,53,Good,Tega Mendez,CUST0151,0.4594653491271496,Medium
No,53,Good,Tega Mendez,CUST0151,0.24307118760318522,Low
No,53,Good,Tega Mendez,CUST0151,0.491824136575188,Medium
Yes,38,Excellent,Tamuno Yang,CUST0152,0.4252687362268053,Medium
Yes,38,Excellent,Tamuno Yang,CUST0152,0.19082069897055373,Low
Yes,46,Very Good,Maryam Williams,CUST0153,0.9876106372541683,Critical
Yes,46,Very Good,Maryam Williams,CUST0153,0.9924476386609004,Critical
No,43,Fair,David Miller,CUST0154,0.3443735043658583,Medium
No,15,Very Good,Ngozi Fowler,CUST0155,0.14967980984763268,Low
No,15,Very Good,Ngozi Fowler,CUST0155,0.25916418812248854,Low
No,22,Fair,Ifeanyi Garcia,CUST0156,0.02481606848808793,Low
No,22,Fair,Ifeanyi Garcia,CUST0156,0.031265397137405226,Low
No,44,Fair,Ifeanyi Jimenez,CUST0157,0.0954588545487341,Low
No,44,Fair,Ifeanyi Jimenez,CUST0157,0.08353728199903226,Low
No,24,Fair,Kunle Nielsen,CUST0159,0.24763355066049805,Low
No,24,Fair,Kunle Nielsen,CUST0159,0.19256562742250774,Low
No,59,Fair,Oghene Diaz,CUST0160,0.09877481059128336,Low
Yes,37,Very Good,Michael Wilson,CUST0161,0.3271024142890398,Medium
Yes,37,Very Good,Michael Wilson,CUST0161,0.34179788889040136,Medium
Yes,37,Very Good,Michael Wilson,CUST0161,0.5052749091592655,High
No,36,Very Good,Grace Gallegos,CUST0162,0.3234876836634191,Medium
No,36,Very Good,Grace Gallegos,CUST0162,0.2527294397448458,Low
No,37,Excellent,Nura Jackson,CUST0163,0.13013199592714797,Low
No,37,Excellent,Nura Jackson,CUST0163,0.18368866542546175,Low
No,37,Excellent,Nura Jackson,CUST0163,0.21078328623464132,Low
No,23,Very Good,Maryam Diaz,CUST0164,0.04383045803139155,Low
No,51,Fair,Oghene Allison,CUST0165,0.024432041502898953,Low
No,51,Fair,Oghene Allison,CUST0165,0.013719466535049494,Low
No,51,Fair,Oghene Allison,CUST0165,0.024561713667243596,Low
No,16,Good,Sade Suarez,CUST0166,0.01464526469980055,Low
No,16,Good,Sade Suarez,CUST0166,0.07242900301918075,Low
No,16,Good,Sade Suarez,CUST0166,0.06524240225269302,Low
No,38,Poor,Ejiro Thomas,CUST0167,0.05866132851586372,Low
No,38,Poor,Ejiro Thomas,CUST0167,0.15729006710931384,Low
Yes,51,Poor,Abubakar Weiss,CUST0168,0.15840576970275747,Low
Yes,51,Poor,Abubakar Weiss,CUST0168,0.06615804611653868,Low
Yes,42,Good,Maryam Dean,CUST0169,0.5350881933205345,High
Yes,42,Good,Maryam Dean,CUST0169,0.5100625120677148,High
Yes,42,Good,Maryam Dean,CUST0169,0.20260987343543232,Low
No,1,Good,Amaka Whitaker,CUST0170,0.05347579832691484,Low
No,1,Good,Amaka Whitaker,CUST0170,0.03150860737111408,Low
No,42,Poor,Maryam Dixon,CUST0171,0.18712092443740094,Low
No,6,Fair,Obinna Miller,CUST0172,0.0550821756784758,Low
No,6,Fair,Obinna Miller,CUST0172,0.07125736824834986,Low
No,6,Fair,Obinna Miller,CUST0172,0.02667099177437723,Low
No,48,Good,Maryam Soto,CUST0173,0.019016951404601377,Low
No,9,Excellent,Kunle Jones,CUST0174,0.10704678491325062,Low
No,9,Excellent,Kunle Jones,CUST0174,0.09633610698746779,Low
No,28,Poor,Tamuno Patton,CUST0175,0.04329810373851635,Low
No,28,Poor,Tamuno Patton,CUST0175,0.017562339075957865,Low
No,28,Poor,Tamuno Patton,CUST0175,0.02944412825393035,Low
Yes,16,Very Good,Maryam Martinez,CUST0176,0.9889416118071975,Critical
Yes,16,Very Good,Maryam Martinez,CUST0176,0.9838220213612429,Critical
Yes,16,Very Good,Maryam Martinez,CUST0176,0.9788887197266873,Critical
No,47,Poor,Amina Johnson,CUST0177,0.03701927841101944,Low
No,47,Poor,Amina Johnson,CUST0177,0.03511234149726665,Low
No,24,Good,Ejiro Johnson,CUST0178,0.2967643884602734,Low
No,24,Good,Ejiro Johnson,CUST0178,0.0775589306798818,Low
No,24,Good,Ejiro Johnson,CUST0178,0.09165494760077907,Low
Yes,16,Good,Bola Curtis,CUST0179,0.967343450733259,Critical
Yes,16,Good,Bola Curtis,CUST0179,0.9895993659486866,Critical
Yes,16,Good,Bola Curtis,CUST0179,0.9754746225958622,Critical
No,24,Good,Ese Haley,CUST0180,0.11835962003311977,Low
No,24,Good,Ese Haley,CUST0180,0.05240744883706856,Low
No,2,Excellent,Halima Walker,CUST0181,0.20309596280912084,Low
No,2,Excellent,Halima Walker,CUST0181,0.26304551358531103,Low
No,2,Excellent,Halima Walker,CUST0181,0.20759957098727705,Low
No,59,Excellent,Obinna Mills,CUST0182,0.23851256084488606,Low
No,59,Excellent,Obinna Mills,CUST0182,0.27166784525126864,Low
No,16,Good,Kunle Shaw,CUST0183,0.016819378184005213,Low
No,16,Good,Kunle Shaw,CUST0183,0.027542907125994803,Low
No,29,Good,Ngozi Webb,CUST0184,0.11863180615565083,Low
No,29,Good,Ngozi Webb,CUST0184,0.17151702921138698,Low
No,29,Good,Ngozi Webb,CUST0184,0.10661190351966608,Low
Yes,26,Good,Obinna Young,CUST0185,0.9863839412754744,Critical
Yes,52,Poor,Halima Harrison,CUST0186,0.9758007242521437,Critical
No,5,Very Good,Chinedu Brown,CUST0187,0.03692800705916731,Low
No,32,Very Good,Sade Cruz,CUST0188,0.2549935272544908,Low
No,40,Good,Zainab Mcguire,CUST0189,0.013293444558123625,Low
No,40,Good,Zainab Mcguire,CUST0189,0.04961177688182187,Low
No,40,Good,Zainab Mcguire,CUST0189,0.05422473821773534,Low
No,35,Good,Funke Thomas,CUST0190,0.008946287464469403,Low
No,35,Good,Funke Thomas,CUST0190,0.027933578655553296,Low
No,35,Good,Funke Thomas,CUST0190,0.030778501727738196,Low
Yes,7,Fair,Sarah Meyer,CUST0191,0.8059779401223726,Critical
Yes,7,Fair,Sarah Meyer,CUST0191,0.8023147628483916,Critical
Yes,7,Fair,Sarah Meyer,CUST0191,0.9428678729099416,Critical
No,35,Fair,Oghene Schroeder,CUST0192,0.4809118826976735,Medium
No,59,Fair,Sarah Thomas,CUST0193,0.06325253026363307,Low
No,5,Very Good,Obinna Dunn,CUST0194,0.03343539705910671,Low
No,5,Very Good,Obinna Dunn,CUST0194,0.10057351450242459,Low
Yes,20,Fair,Oghene Munoz,CUST0195,0.9594814212558386,Critical
Yes,20,Fair,Oghene Munoz,CUST0195,0.9943505879211445,Critical
Yes,20,Fair,Oghene Munoz,CUST0195,0.9942378062097099,Critical
No,41,Good,Halima Burns,CUST0196,0.1257408652750797,Low
No,41,Good,Halima Burns,CUST0196,0.054983955495576914,Low
No,57,Good,Ibim Murphy,CUST0197,0.2615455781460014,Low
No,17,Poor,Bola Potter,CUST0198,0.180688615810383,Low
No,17,Poor,Bola Potter,CUST0198,0.12733348283221188,Low
Yes,39,Fair,John Morales,CUST0199,0.9669922226272317,Critical
No,7,Very Good,Saidu Tucker,CUST0200,0.16949561443424244,Low
No,7,Very Good,Saidu Tucker,CUST0200,0.028580611950380537,Low
No,14,Good,John Mcgrath,CUST0201,0.1741383089135619,Low
No,14,Good,John Mcgrath,CUST0201,0.11744188177079107,Low
Yes,12,Poor,Shehu Hays,CUST0202,0.9916126398079482,Critical
Yes,12,Poor,Shehu Hays,CUST0202,0.9737561979375993,Critical
No,53,Excellent,Ibim Castro,CUST0203,0.29674737174703925,Low
No,53,Excellent,Ibim Castro,CUST0203,0.1452471019733644,Low
Yes,11,Fair,Obinna Patterson,CUST0204,0.9575101769482105,Critical
No,25,Excellent,Saidu Munoz,CUST0205,0.09044535240655245,Low
No,25,Excellent,Saidu Munoz,CUST0205,0.06422281233839836,Low
Yes,56,Very Good,Ngozi Wood,CUST0206,0.35977362775714555,Medium
Yes,56,Very Good,Ngozi Wood,CUST0206,0.4046931751686038,Medium
No,4,Good,Bola Miller,CUST0207,0.07508098420974542,Low
Yes,48,Good,Ngozi Acevedo,CUST0208,0.9938227085162629,Critical
Yes,48,Good,Ngozi Acevedo,CUST0208,0.9881447487335546,Critical
Yes,48,Good,Ngozi Acevedo,CUST0208,0.9918666170201047,Critical
Yes,9,Fair,Kunle Bird,CUST0209,0.9453596830314095,Critical
No,53,Excellent,Ejiro Gill,CUST0210,0.46750001714912437,Medium
No,23,Good,Alabo Clay,CUST0211,0.2144740570350069,Low
No,23,Good,Alabo Clay,CUST0211,0.14715321975173515,Low
No,23,Good,Alabo Clay,CUST0211,0.14746996942681778,Low
No,59,Fair,Michael Williams,CUST0212,0.180324313419461,Low
No,30,Fair,Zainab Clark,CUST0213,0.13561925283505188,Low
No,30,Fair,Zainab Clark,CUST0213,0.1862330918601443,Low
No,30,Fair,Zainab Clark,CUST0213,0.2887691230414563,Low
No,13,Excellent,Ese Cooper,CUST0214,0.26007284248065843,Low
No,26,Poor,Grace Figueroa,CUST0215,0.05359428134095969,Low
No,26,Poor,Grace Figueroa,CUST0215,0.044774092942048434,Low
No,26,Poor,Grace Figueroa,CUST0215,0.030348139840853806,Low
Yes,44,Poor,John Erickson,CUST0216,0.9852391520888182,Critical
Yes,44,Poor,John Erickson,CUST0216,0.9920893901824979,Critical
Yes,44,Poor,John Erickson,CUST0216,0.9623577957265295,Critical
Yes,56,Excellent,Kunle Collins,CUST0217,0.99490763533325,Critical
No,50,Very Good,Zina Dawson,CUST0218,0.08058829434125313,Low
No,51,Fair,Fatima Scott,CUST0219,0.06502883356167406,Low
No,51,Fair,Fatima Scott,CUST0219,0.08046524668542411,Low
No,51,Fair,Fatima Scott,CUST0219,0.10451523422678213,Low
Yes,15,Good,Bala Smith,CUST0220,0.9747672100523891,Critical
No,22,Good,Zina Cochran,CUST0221,0.04346856627065833,Low
No,8,Poor,Fatima Carpenter,CUST0222,0.016258052504628702,Low
Yes,25,Excellent,Sade Howell,CUST0223,0.3299638532605927,Medium
No,54,Excellent,Sarah Stevens,CUST0224,0.3104598842226488,Medium
Yes,23,Good,Bala Cummings,CUST0225,0.9738298201804707,Critical
Yes,23,Good,Bala Cummings,CUST0225,0.9839825419902165,Critical
No,47,Good,Grace Carter,CUST0226,0.009030650572117225,Low
No,47,Good,Grace Carter,CUST0226,0.1985237768026613,Low
No,55,Poor,Ese Stewart,CUST0227,0.1810923959938697,Low
No,55,Poor,Ese Stewart,CUST0227,0.04482182724539307,Low
No,55,Poor,Ese Stewart,CUST0227,0.018195167162267434,Low
Yes,52,Fair,Zina Fuller,CUST0228,0.49746483748825093,Medium
Yes,52,Fair,Zina Fuller,CUST0228,0.15396562266348288,Low
Yes,52,Fair,Zina Fuller,CUST0228,0.494502189032351,Medium
Yes,29,Poor,John Edwards,CUST0229,0.9723478934480673,Critical
No,23,Fair,Ngozi Pierce,CUST0230,0.0584440680695975,Low
No,23,Fair,Ngozi Pierce,CUST0230,0.040467642582271396,Low
No,23,Fair,Ngozi Pierce,CUST0230,0.1542334926254159,Low
No,26,Poor,Sade Smith,CUST0231,0.018535379058271975,Low
No,26,Poor,Sade Smith,CUST0231,0.030747146285359295,Low
No,26,Poor,Sade Smith,CUST0231,0.04140514351028454,Low
No,42,Good,Chinedu Hughes,CUST0232,0.05509762561975327,Low
No,7,Poor,John Benjamin,CUST0233,0.061921478599041554,Low
No,7,Poor,John Benjamin,CUST0233,0.027312835741537127,Low
No,7,Poor,John Benjamin,CUST0233,0.055086339228786474,Low
Yes,30,Good,Bala Hardin,CUST0234,0.9908607694395206,Critical
No,34,Excellent,Michael Savage,CUST0235,0.23540195794961324,Low
No,34,Excellent,Michael Savage,CUST0235,0.21909396103531262,Low
No,34,Excellent,Michael Savage,CUST0235,0.17050944630577183,Low
No,26,Good,Omamuzo Stephenson,CUST0236,0.18648040846339048,Low
No,14,Good,Maryam Moore,CUST0237,0.07150972224337902,Low
No,57,Poor,John Patel,CUST0238,0.21717051536276297,Low
No,44,Fair,Bala Holt,CUST0239,0.1974183493186582,Low
No,44,Fair,Bala Holt,CUST0239,0.057301933836757524,Low
No,44,Fair,Bala Holt,CUST0239,0.04015437820886116,Low
No,45,Very Good,Omamuzo Roberts,CUST0240,0.1983244341771334,Low
No,45,Very Good,Omamuzo Roberts,CUST0240,0.10796810268495828,Low
No,45,Very Good,Omamuzo Roberts,CUST0240,0.04634494875411919,Low
No,12,Fair,Bala Calhoun,CUST0241,0.0527680173769208,Low
No,12,Fair,Bala Calhoun,CUST0241,0.0209818808235202,Low
No,12,Fair,Bala Calhoun,CUST0241,0.023647999701696485,Low
No,50,Very Good,Bola Miller,CUST0242,0.4191371510775209,Medium
No,50,Very Good,Bola Miller,CUST0242,0.44655243048679505,Medium
No,50,Very Good,Bola Miller,CUST0242,0.3359193225429381,Medium
No,43,Good,Chinedu Elliott,CUST0243,0.14802507490926028,Low
No,58,Poor,Ifeanyi Austin,CUST0244,0.05643718568004825,Low
No,58,Poor,Ifeanyi Austin,CUST0244,0.23763276501982095,Low
No,19,Good,Michael Jones,CUST0245,0.1666073722516998,Low
No,35,Poor,Fatima Foster,CUST0246,0.21551477800928903,Low
Yes,51,Excellent,Chinedu Yates,CUST0247,0.9753089949218795,Critical
Yes,44,Excellent,Boma Peterson,CUST0248,0.4147114192640115,Medium
Yes,44,Excellent,Boma Peterson,CUST0248,0.48939363562093646,Medium
Yes,44,Excellent,Boma Peterson,CUST0248,0.33788965000972115,Medium
No,11,Fair,Omamuzo Jones,CUST0249,0.0919492983849289,Low
No,11,Fair,Omamuzo Jones,CUST0249,0.05458381173878378,Low
No,11,Fair,Omamuzo Jones,CUST0249,0.29413042862923283,Low
No,48,Fair,Tamuno Lawrence,CUST0250,0.0992411152873029,Low
No,48,Fair,Tamuno Lawrence,CUST0250,0.06721273950494393,Low
No,48,Fair,Tamuno Lawrence,CUST0250,0.18488938293404591,Low
No,17,Fair,Zina Nicholson,CUST0251,0.017218235181848084,Low
No,17,Fair,Zina Nicholson,CUST0251,0.03803854325467696,Low
Yes,22,Excellent,Bala Graham,CUST0252,0.9863779758036093,Critical
Yes,22,Excellent,Bala Graham,CUST0252,0.9908974102819498,Critical
No,57,Very Good,Zainab Blackwell,CUST0253,0.06674838259842672,Low
No,57,Very Good,Zainab Blackwell,CUST0253,0.4291841114374777,Medium
No,47,Poor,David Rodriguez,CUST0254,0.021224718222050902,Low
No,47,Poor,David Rodriguez,CUST0254,0.01940626767515391,Low
No,47,Poor,David Rodriguez,CUST0254,0.08196101505125976,Low
No,9,Excellent,Ejiro Miller,CUST0255,0.06387855832198204,Low
No,9,Excellent,Ejiro Miller,CUST0255,0.058478797365370074,Low
Yes,48,Good,Alabo Smith,CUST0256,0.9888843778816582,Critical
Yes,48,Good,Alabo Smith,CUST0256,0.9781163975800627,Critical
No,3,Poor,Omamuzo Smith,CUST0257,0.03959209402817321,Low
No,3,Poor,Omamuzo Smith,CUST0257,0.11404921747013325,Low
No,3,Poor,Omamuzo Smith,CUST0257,0.11733887547447619,Low
Yes,32,Excellent,Sarah Munoz,CUST0258,0.9896283381942585,Critical
Yes,32,Excellent,Sarah Munoz,CUST0258,0.9927771399156046,Critical
No,52,Poor,Ejiro Collins,CUST0259,0.04990038419266448,Low
No,52,Poor,Ejiro Collins,CUST0259,0.1039084082724177,Low
Yes,58,Poor,Amina Johns,CUST0260,0.9790440817902993,Critical
Yes,58,Poor,Amina Johns,CUST0260,0.9817257595296437,Critical
Yes,58,Poor,Amina Johns,CUST0260,0.9638417595419987,Critical
No,11,Very Good,Obinna Simon,CUST0261,0.13938716744248428,Low
Yes,53,Excellent,Funke Alexander,CUST0262,0.9951918637305761,Critical
Yes,53,Excellent,Funke Alexander,CUST0262,0.9960787577654573,Critical
Yes,53,Excellent,Funke Alexander,CUST0262,0.9927057588882949,Critical
No,51,Good,Sarah Fritz,CUST0263,0.08254928337409438,Low
No,51,Good,Sarah Fritz,CUST0263,0.06986306281612882,Low
No,51,Good,Sarah Fritz,CUST0263,0.10087399548695028,Low
No,25,Good,Tunde Smith,CUST0264,0.03956732250938906,Low
No,44,Fair,Saidu Martinez,CUST0265,0.0814664186044545,Low
No,44,Fair,Saidu Martinez,CUST0265,0.06480903422659957,Low
No,44,Fair,Saidu Martinez,CUST0265,0.10704850331334902,Low
No,14,Good,Nura Hunter,CUST0266,0.04176451082469088,Low
No,14,Good,Nura Hunter,CUST0266,0.015155010232706956,Low
No,14,Good,Nura Hunter,CUST0266,0.03441387420430982,Low
No,60,Excellent,Ejiro Mendoza,CUST0267,0.5874712161038603,High
No,60,Excellent,Ejiro Mendoza,CUST0267,0.43116936005643225,Medium
No,24,Poor,Michael Peterson,CUST0268,0.010374198165888224,Low
No,48,Poor,Tamuno Diaz,CUST0269,0.05316134006390493,Low
No,48,Poor,Tamuno Diaz,CUST0269,0.05960661789342038,Low
No,48,Poor,Tamuno Diaz,CUST0269,0.007461767364661362,Low
No,22,Excellent,Michael Rodriguez,CUST0270,0.053145706262026526,Low
No,22,Excellent,Michael Rodriguez,CUST0270,0.11197308716450798,Low
No,22,Excellent,Michael Rodriguez,CUST0270,0.11928034044193259,Low
No,25,Fair,John Benson,CUST0271,0.06333274472721086,Low
No,25,Fair,John Benson,CUST0271,0.01989471558673749,Low
No,21,Fair,Tega Cooper,CUST0272,0.03938282317016228,Low
No,21,Fair,Tega Cooper,CUST0272,0.13874889512174304,Low
No,54,Fair,Fatima Lewis,CUST0273,0.356856298640103,Medium
Yes,32,Very Good,Bola Duffy,CUST0274,0.9541251504840794,Critical
Yes,32,Very Good,Bola Duffy,CUST0274,0.9900972464144999,Critical
Yes,32,Very Good,Bola Duffy,CUST0274,0.9743428453650803,Critical
No,21,Poor,Zina Gallegos,CUST0275,0.016457557977647953,Low
No,21,Poor,Zina Gallegos,CUST0275,0.009421763622342816,Low
Yes,12,Very Good,Zainab Rogers,CUST0276,0.1497723286996653,Low
Yes,12,Very Good,Zainab Rogers,CUST0276,0.1793089884729342,Low
Yes,55,Fair,Ngozi Dunn,CUST0277,0.05184057659718814,Low
Yes,17,Very Good,Amaka Johnson,CUST0278,0.9983046799762734,Critical
Yes,24,Good,Alabo Carlson,CUST0279,0.9790917947981467,Critical
Yes,24,Good,Alabo Carlson,CUST0279,0.9924122445139998,Critical
No,40,Very Good,Grace Brock,CUST0280,0.2955452203563875,Low
No,22,Good,Tamuno Ortiz,CUST0281,0.052461357607822064,Low
No,22,Good,Tamuno Ortiz,CUST0281,0.0933467360962157,Low
No,55,Fair,Alabo Chavez,CUST0282,0.04680093231005448,Low
No,55,Fair,Alabo Chavez,CUST0282,0.012805831856916444,Low
No,55,Fair,Alabo Chavez,CUST0282,0.007350480765625963,Low
No,40,Poor,Sarah Ballard,CUST0283,0.24745370649534143,Low
No,40,Poor,Sarah Ballard,CUST0283,0.1738680024813917,Low
No,56,Very Good,Funke Shaffer,CUST0284,0.19571094772059885,Low
No,56,Very Good,Funke Shaffer,CUST0284,0.07793275714820637,Low
No,56,Very Good,Funke Shaffer,CUST0284,0.20087482281735614,Low
No,52,Very Good,Maryam Gates,CUST0285,0.0250372573444669,Low
No,52,Very Good,Maryam Gates,CUST0285,0.2880155492237326,Low
No,20,Very Good,David George,CUST0286,0.09285231864414899,Low
No,20,Very Good,David George,CUST0286,0.23123895139169992,Low
No,6,Fair,Omamuzo Rivera,CUST0287,0.01666680930599959,Low
No,6,Fair,Omamuzo Rivera,CUST0287,0.03120733796183459,Low
No,6,Fair,Omamuzo Rivera,CUST0287,0.024835265744283557,Low
Yes,10,Excellent,Grace Chaney,CUST0288,0.9722160941848812,Critical
Yes,10,Excellent,Grace Chaney,CUST0288,0.9902997408542997,Critical
No,51,Good,Fatima Wheeler,CUST0289,0.6092682504094112,High
Yes,35,Fair,Sade Ryan,CUST0290,0.9880290630839723,Critical
Yes,35,Fair,Sade Ryan,CUST0290,0.9873485020910641,Critical
No,48,Excellent,Halima Mahoney,CUST0291,0.498708711734995,Medium
Yes,17,Good,Ese Rose,CUST0292,0.9939729379833911,Critical
Yes,17,Good,Ese Rose,CUST0292,0.9839914752471421,Critical
Yes,17,Good,Ese Rose,CUST0292,0.9952707088937345,Critical
Yes,16,Very Good,John Jones,CUST0293,0.9519976067175051,Critical
Yes,16,Very Good,John Jones,CUST0293,0.9768683321248283,Critical
No,2,Good,Ese Bailey,CUST0294,0.060404073313631595,Low
No,2,Good,Ese Bailey,CUST0294,0.11791305021726722,Low
No,18,Poor,David Higgins,CUST0295,0.07192703423043809,Low
No,18,Poor,David Higgins,CUST0295,0.10713630317046871,Low
No,43,Fair,Ejiro Scott,CUST0296,0.12905107799243107,Low
No,43,Fair,Ejiro Scott,CUST0296,0.10105010764591471,Low
Yes,13,Very Good,Bola Spencer,CUST0297,0.9588392486090571,Critical
Yes,13,Very Good,Bola Spencer,CUST0297,0.9677829151809616,Critical
Yes,13,Very Good,Bola Spencer,CUST0297,0.9827683412877155,Critical
No,24,Good,Grace Davis,CUST0298,0.1783742977279512,Low
No,7,Excellent,Kunle Fuller,CUST0299,0.01536882181230671,Low
Yes,45,Poor,Ibim Wilkerson,CUST0300,0.9309625452697317,Critical
Yes,45,Poor,Ibim Wilkerson,CUST0300,0.979281757413628,Critical
Yes,45,Poor,Ibim Wilkerson,CUST0300,0.9905257368110654,Critical
No,25,Good,Boma Knight,CUST0301,0.04507982265827913,Low
No,25,Good,Boma Knight,CUST0301,0.1718990773770839,Low
No,55,Poor,Tunde Wallace,CUST0302,0.02515734267818499,Low
No,55,Poor,Tunde Wallace,CUST0302,0.016223130106183016,Low
No,55,Poor,Tunde Wallace,CUST0302,0.02330595773069255,Low
No,47,Good,Maryam Walker,CUST0303,0.2131592549456892,Low
No,59,Good,Bola Castro,CUST0304,0.12664547375874868,Low
No,59,Good,Bola Castro,CUST0304,0.3006806465548818,Medium
No,21,Good,Sade Shepard,CUST0305,0.022367945082531315,Low
Yes,28,Very Good,Alabo Cortez,CUST0306,0.9897307593767128,Critical
No,50,Fair,Chinedu Hoffman,CUST0307,0.08156673970361325,Low
No,18,Good,Sarah Flores,CUST0308,0.15016405015270004,Low
No,18,Good,Sarah Flores,CUST0308,0.21206330058155265,Low
No,18,Good,Sarah Flores,CUST0308,0.14233878551222887,Low
No,60,Fair,Alabo Guerra,CUST0309,0.30780862760749245,Medium
No,45,Good,Obinna Ballard,CUST0310,0.37166277719178586,Medium
No,45,Very Good,Fatima Freeman,CUST0311,0.20653922793963908,Low
No,45,Very Good,Fatima Freeman,CUST0311,0.4428782064251316,Medium
No,45,Very Good,Fatima Freeman,CUST0311,0.2899570614079007,Low
No,56,Fair,Ejiro Barker,CUST0312,0.2966621788611832,Low
No,56,Fair,Ejiro Barker,CUST0312,0.20047669296170476,Low
No,56,Fair,Ejiro Barker,CUST0312,0.17357050397599172,Low
No,48,Poor,Maryam Hernandez,CUST0313,0.06962657064132331,Low
No,48,Poor,Maryam Hernandez,CUST0313,0.14499833628201536,Low
No,10,Very Good,Omamuzo King,CUST0314,0.09050386291917695,Low
No,29,Fair,Obinna Anderson,CUST0315,0.07455566256022231,Low
No,29,Fair,Obinna Anderson,CUST0315,0.06948881966592983,Low
No,29,Fair,Obinna Anderson,CUST0315,0.14008517964619072,Low
No,49,Very Good,Shehu Rogers,CUST0316,0.03422452549903727,Low
No,49,Very Good,Shehu Rogers,CUST0316,0.11316684184639997,Low
Yes,44,Good,Zainab Shaw,CUST0317,0.9732981809457645,Critical
Yes,44,Good,Zainab Shaw,CUST0317,0.9460443607704339,Critical
No,15,Very Good,John Martinez,CUST0318,0.01632394698999516,Low
No,56,Good,Fatima Powell,CUST0319,0.13349667099201268,Low
No,34,Very Good,Omamuzo Perez,CUST0320,0.3806086093661219,Medium
No,29,Good,Omamuzo Schwartz,CUST0321,0.3131647266848669,Medium
No,29,Good,Omamuzo Schwartz,CUST0321,0.19820715349529136,Low
No,12,Very Good,Alabo Jackson,CUST0322,0.0675587472166497,Low
No,12,Very Good,Alabo Jackson,CUST0322,0.034015889859832144,Low
Yes,46,Good,Amina Nguyen,CUST0323,0.11436963478794827,Low
Yes,46,Good,Amina Nguyen,CUST0323,0.2820228843021102,Low
No,27,Good,Amina Taylor,CUST0324,0.05817413374763684,Low
No,27,Good,Amina Taylor,CUST0324,0.045491189799475286,Low
No,35,Excellent,Tunde Terry,CUST0325,0.4139025651226958,Medium
Yes,40,Poor,Chinedu Krueger,CUST0326,0.9774437184267923,Critical
Yes,7,Fair,Maryam Rhodes,CUST0327,0.9834102462063425,Critical
Yes,7,Fair,Maryam Rhodes,CUST0327,0.9831832628468596,Critical
Yes,7,Fair,Maryam Rhodes,CUST0327,0.9729631198706521,Critical
No,8,Good,Kunle Liu,CUST0328,0.1773914737890435,Low
No,8,Good,Kunle Liu,CUST0328,0.16885310436179407,Low
No,8,Good,Kunle Liu,CUST0328,0.1358153381403528,Low
No,34,Very Good,Saidu Anderson,CUST0329,0.08765611155160617,Low
No,34,Very Good,Saidu Anderson,CUST0329,0.03601900702760561,Low
No,34,Very Good,Saidu Anderson,CUST0329,0.07559971513029076,Low
No,36,Poor,Ibim Harrison,CUST0330,0.09836980857354434,Low
No,36,Poor,Ibim Harrison,CUST0330,0.4893233920111573,Medium
No,36,Poor,Ibim Harrison,CUST0330,0.12037319121705752,Low
No,54,Very Good,Funke Francis,CUST0331,0.4876814140599705,Medium
Yes,60,Excellent,David Ward,CUST0332,0.5903416063235639,High
Yes,60,Excellent,David Ward,CUST0332,0.42528687710108865,Medium
Yes,60,Excellent,David Ward,CUST0332,0.5180430090120036,High
No,39,Good,Omamuzo Miller,CUST0333,0.20234507259215695,Low
No,39,Good,Omamuzo Miller,CUST0333,0.29696669472372234,Low
No,24,Fair,Fatima Carter,CUST0334,0.016296825960057895,Low
No,24,Fair,Fatima Carter,CUST0334,0.04833479427531554,Low
No,53,Fair,Maryam Patterson,CUST0335,0.019270808620467622,Low
No,53,Fair,Maryam Patterson,CUST0335,0.04765502418060456,Low
No,7,Poor,Chinedu Reynolds,CUST0336,0.04436197895926492,Low
No,7,Poor,Chinedu Reynolds,CUST0336,0.041512986221502325,Low
No,18,Poor,Ifeanyi Cunningham,CUST0337,0.008144522622854075,Low
No,18,Poor,Ifeanyi Cunningham,CUST0337,0.006559907093349848,Low
No,18,Poor,Ifeanyi Cunningham,CUST0337,0.013618997011274803,Low
Yes,2,Poor,David Crosby,CUST0338,0.8723216432832863,Critical
Yes,53,Excellent,Alabo Davis,CUST0339,0.991785010267611,Critical
Yes,53,Excellent,Alabo Davis,CUST0339,0.9964657083784655,Critical
No,12,Good,Obinna Thomas,CUST0340,0.09837784150710718,Low
Yes,39,Excellent,Zina Valenzuela,CUST0341,0.9782328720045369,Critical
Yes,39,Excellent,Zina Valenzuela,CUST0341,0.9882216085976988,Critical
Yes,39,Excellent,Zina Valenzuela,CUST0341,0.9645063226834271,Critical
No,53,Very Good,Omamuzo Holmes,CUST0342,0.46477734193958753,Medium
No,53,Very Good,Omamuzo Holmes,CUST0342,0.2518873554308909,Low
Yes,12,Very Good,Zina Diaz,CUST0343,0.9963754826177517,Critical
Yes,12,Very Good,Zina Diaz,CUST0343,0.9979049966717753,Critical
Yes,12,Very Good,Zina Diaz,CUST0343,0.9959445173555649,Critical
No,20,Very Good,Alabo Baker,CUST0344,0.10425296809057964,Low
No,20,Very Good,Alabo Baker,CUST0344,0.07019000417778469,Low
No,46,Poor,Sade Mercer,CUST0345,0.09184863678217352,Low
No,28,Fair,Ese Harper,CUST0346,0.33624050906189074,Medium
No,5,Fair,Abubakar Mcknight,CUST0347,0.018879464242594644,Low
No,5,Fair,Abubakar Mcknight,CUST0347,0.014831696744283668,Low
No,36,Very Good,Boma Anderson,CUST0348,0.21068570820791016,Low
No,3,Excellent,Michael Smith,CUST0349,0.3055127133994003,Medium
No,3,Excellent,Michael Smith,CUST0349,0.1279937144044244,Low
No,34,Fair,Zainab Compton,CUST0350,0.007641694848085776,Low
No,34,Fair,Zainab Compton,CUST0350,0.022073645186451135,Low
No,34,Fair,Zainab Compton,CUST0350,0.03846570144564703,Low
No,11,Excellent,Ibim Mills,CUST0351,0.05403324865688113,Low
No,11,Excellent,Ibim Mills,CUST0351,0.022042040092127898,Low
No,11,Excellent,Ibim Mills,CUST0351,0.1333527239543355,Low
No,18,Poor,Zainab Rivera,CUST0352,0.08094070741874318,Low
No,18,Poor,Zainab Rivera,CUST0352,0.031671870236927045,Low
No,18,Poor,Zainab Rivera,CUST0352,0.05214620665385402,Low
No,39,Very Good,Bola Patterson,CUST0353,0.19369272957918623,Low
No,39,Very Good,Bola Patterson,CUST0353,0.19821669190917482,Low
No,11,Very Good,Sade Brown,CUST0354,0.12112433556344687,Low
No,11,Very Good,Sade Brown,CUST0354,0.08361797483472894,Low
No,34,Poor,Abubakar Martin,CUST0355,0.20590864430037628,Low
No,34,Poor,Abubakar Martin,CUST0355,0.22436613254835508,Low
No,34,Poor,Abubakar Martin,CUST0355,0.15053382492387818,Low
No,36,Poor,Bala Gibson,CUST0356,0.037018865130869286,Low
No,13,Poor,Oghene Winters,CUST0357,0.03438952219321917,Low
Yes,58,Fair,Chinedu Smith,CUST0358,0.9939192435099008,Critical
Yes,58,Fair,Chinedu Smith,CUST0358,0.9833390544200409,Critical
Yes,58,Fair,Chinedu Smith,CUST0358,0.9974324644693973,Critical
No,53,Fair,Omamuzo Juarez,CUST0359,0.09264930660491229,Low
No,53,Fair,Omamuzo Juarez,CUST0359,0.07703435921878128,Low
Yes,7,Poor,Fatima Webb,CUST0360,0.07881864715095231,Low
Yes,7,Poor,Fatima Webb,CUST0360,0.061716136788426974,Low
No,33,Very Good,Obinna Andrews,CUST0361,0.20127319608314137,Low
No,33,Very Good,Obinna Andrews,CUST0361,0.2699262671638167,Low
No,33,Very Good,Obinna Andrews,CUST0361,0.2920003864614524,Low
No,6,Good,Sade Donaldson,CUST0362,0.07897726855459773,Low
Yes,6,Fair,Omamuzo Alexander,CUST0363,0.9719975342926812,Critical
Yes,2,Good,Maryam Harmon,CUST0364,0.98606168935499,Critical
Yes,2,Good,Maryam Harmon,CUST0364,0.9887327756231322,Critical
Yes,2,Good,Maryam Harmon,CUST0364,0.979182868759354,Critical
No,42,Very Good,Kunle Myers,CUST0365,0.12284003901456622,Low
No,42,Very Good,Kunle Myers,CUST0365,0.07931436078319004,Low
No,42,Very Good,Kunle Myers,CUST0365,0.15132679878656313,Low
No,39,Poor,Kunle Brady,CUST0366,0.05075231552094649,Low
No,39,Poor,Kunle Brady,CUST0366,0.05954589976220392,Low
No,8,Fair,Bola Carpenter,CUST0367,0.09013375219230516,Low
No,50,Poor,Bola Meadows,CUST0368,0.2385671437274087,Low
No,14,Good,Abubakar Rodriguez,CUST0369,0.14348669072195086,Low
No,14,Good,Abubakar Rodriguez,CUST0369,0.08815208487588812,Low
No,13,Excellent,Oghene Bush,CUST0370,0.04117682251414086,Low
No,13,Excellent,Oghene Bush,CUST0370,0.0856999340941403,Low
No,13,Excellent,Oghene Bush,CUST0370,0.11304254719667013,Low
Yes,4,Good,Grace Wilkerson,CUST0371,0.932196794030495,Critical
Yes,4,Good,Grace Wilkerson,CUST0371,0.9851301648952856,Critical
No,47,Excellent,Grace Salas,CUST0372,0.20894448740246305,Low
No,47,Excellent,Grace Salas,CUST0372,0.13977982893159208,Low
No,5,Excellent,Ibim Adams,CUST0373,0.29794086706676204,Low
No,5,Excellent,Ibim Adams,CUST0373,0.27478053096997523,Low
Yes,9,Excellent,Oghene Oliver,CUST0374,0.9962362759832841,Critical
No,37,Poor,Nura Oconnell,CUST0375,0.012827836962544298,Low
No,37,Poor,Nura Oconnell,CUST0375,0.020965366926422608,Low
No,37,Poor,Nura Oconnell,CUST0375,0.011145313783702707,Low
Yes,3,Excellent,Obinna Miller,CUST0376,0.9934482494321731,Critical
Yes,9,Good,Chinedu Christian,CUST0377,0.9848566253453032,Critical
No,56,Fair,Funke Carlson,CUST0378,0.23591190160644987,Low
No,56,Fair,Funke Carlson,CUST0378,0.1980615584085866,Low
No,49,Excellent,Sarah Woods,CUST0379,0.3217930533858796,Medium
No,25,Very Good,Michael Jacobs,CUST0380,0.1174695482298947,Low
No,25,Very Good,Michael Jacobs,CUST0380,0.12259263983419631,Low
No,49,Good,David Murphy,CUST0381,0.09939970768622944,Low
No,49,Good,David Murphy,CUST0381,0.3761584468768362,Medium
Yes,29,Poor,Ifeanyi Cooper,CUST0382,0.9978634738415948,Critical
Yes,8,Very Good,Kunle Manning,CUST0383,0.9500356707910595,Critical
Yes,8,Very Good,Kunle Manning,CUST0383,0.9938356730939818,Critical
Yes,8,Very Good,Kunle Manning,CUST0383,0.9795904641271287,Critical
No,42,Very Good,Nura Rodriguez,CUST0384,0.4212772438076251,Medium
No,42,Very Good,Nura Rodriguez,CUST0384,0.42769718357809694,Medium
No,42,Very Good,Nura Rodriguez,CUST0384,0.25820358493038253,Low
No,30,Excellent,Sade George,CUST0385,0.08464357950949346,Low
No,30,Excellent,Sade George,CUST0385,0.12352511179231752,Low
No,30,Excellent,Sade George,CUST0385,0.05885597835431757,Low
No,23,Good,Shehu Torres,CUST0386,0.1975913787768875,Low
No,10,Excellent,Grace Walsh,CUST0387,0.08753114286175999,Low
No,10,Excellent,Grace Walsh,CUST0387,0.08828257987144164,Low
Yes,9,Good,Tega Cervantes,CUST0388,0.9958571987405198,Critical
No,2,Excellent,Bala Dunn,CUST0389,0.14108308125376787,Low
No,2,Excellent,Bala Dunn,CUST0389,0.144087771072128,Low
No,2,Excellent,Bala Dunn,CUST0389,0.23683595926164921,Low
No,19,Good,Ejiro Gonzalez,CUST0390,0.07646644033935354,Low
No,19,Good,Ejiro Gonzalez,CUST0390,0.03911729840171586,Low
No,14,Very Good,Ibim Schwartz,CUST0391,0.09379173098284364,Low
No,14,Very Good,Ibim Schwartz,CUST0391,0.15968256119753882,Low
No,14,Very Good,Ibim Schwartz,CUST0391,0.07046429235444397,Low
No,54,Very Good,Abubakar Hayes,CUST0392,0.31163824625891673,Medium
No,54,Very Good,Abubakar Hayes,CUST0392,0.3521789233728646,Medium
No,2,Good,Ibim Ballard,CUST0393,0.03386394216407955,Low
No,55,Fair,John Nielsen,CUST0394,0.05674680831599833,Low
Yes,24,Good,Oghene Pacheco,CUST0395,0.9846720456316574,Critical
Yes,24,Good,Oghene Pacheco,CUST0395,0.9798455895468712,Critical
Yes,24,Good,Oghene Pacheco,CUST0395,0.9606115428904487,Critical
No,9,Good,Ngozi Johnson,CUST0396,0.032635719844047374,Low
No,9,Good,Ngozi Johnson,CUST0396,0.02460033698206598,Low
No,59,Poor,Sarah Perry,CUST0397,0.22438698961290035,Low
No,12,Poor,Amaka Shannon,CUST0398,0.019146376082615522,Low
No,9,Very Good,Nura Delgado,CUST0399,0.036896093988181854,Low
Yes,51,Very Good,Bola Vincent,CUST0400,0.9969792711221875,Critical
Yes,43,Poor,Ifeanyi Adkins,CUST0401,0.9835543699258809,Critical
Yes,43,Poor,Ifeanyi Adkins,CUST0401,0.9870684316633098,Critical
Yes,43,Poor,Ifeanyi Adkins,CUST0401,0.995260744430065,Critical
No,11,Poor,Sarah Oconnor,CUST0402,0.1048263526797874,Low
No,11,Poor,Sarah Oconnor,CUST0402,0.04318735989584106,Low
No,11,Poor,Sarah Oconnor,CUST0402,0.168516542113666,Low
Yes,30,Excellent,Ibim Soto,CUST0403,0.9759687923541,Critical
Yes,30,Excellent,Ibim Soto,CUST0403,0.973703662081275,Critical
No,19,Fair,Maryam Buck,CUST0404,0.040928160099892086,Low
No,19,Fair,Maryam Buck,CUST0404,0.03729431806300715,Low
Yes,26,Fair,Chinedu Brown,CUST0405,0.9689817282559389,Critical
Yes,26,Fair,Chinedu Brown,CUST0405,0.9690816224416906,Critical
No,43,Very Good,Zainab Soto,CUST0406,0.050224879989484585,Low
No,7,Poor,Grace Thompson,CUST0407,0.02103519532772211,Low
Yes,43,Very Good,Obinna Daniels,CUST0408,0.08408281491208132,Low
Yes,43,Very Good,Obinna Daniels,CUST0408,0.5500892347871258,High
No,21,Very Good,Boma Burns,CUST0409,0.5133476655692198,High
No,46,Very Good,Grace Snyder,CUST0410,0.17169726580236444,Low
No,46,Very Good,Grace Snyder,CUST0410,0.13944140955695292,Low
No,46,Very Good,Grace Snyder,CUST0410,0.24864312793869597,Low
No,38,Fair,Abubakar Lane,CUST0411,0.019544989341392417,Low
No,38,Fair,Abubakar Lane,CUST0411,0.07152254714721179,Low
Yes,16,Excellent,Oghene Bartlett,CUST0412,0.33996648991585965,Medium
No,43,Excellent,David Giles,CUST0413,0.2655302960591039,Low
No,43,Excellent,David Giles,CUST0413,0.4748197060922083,Medium
No,22,Excellent,Ngozi Williams,CUST0414,0.3401868171761128,Medium
No,22,Excellent,Ngozi Williams,CUST0414,0.3803933388288336,Medium
No,22,Excellent,Ngozi Williams,CUST0414,0.19844199260260292,Low
No,46,Excellent,Maryam Anthony,CUST0415,0.07885796993422728,Low
No,43,Fair,Maryam Blankenship,CUST0416,0.15982155684137914,Low
No,43,Fair,Maryam Blankenship,CUST0416,0.147397430792683,Low
Yes,60,Excellent,Zina Hernandez,CUST0417,0.9990812129562788,Critical
Yes,41,Very Good,Boma Johnson,CUST0418,0.9952919302272033,Critical
Yes,41,Very Good,Boma Johnson,CUST0418,0.9834321145730281,Critical
Yes,41,Very Good,Boma Johnson,CUST0418,0.9951109136721685,Critical
Yes,18,Poor,Boma Sanchez,CUST0419,0.9691641464809633,Critical
Yes,18,Poor,Boma Sanchez,CUST0419,0.9858005516077758,Critical
No,58,Poor,Ese Miller,CUST0420,0.08040062328587604,Low
No,58,Poor,Ese Miller,CUST0420,0.046273325492198675,Low
No,58,Poor,Ese Miller,CUST0420,0.16031087035013306,Low
Yes,14,Poor,Tega Stokes,CUST0421,0.9671931147848523,Critical
Yes,14,Poor,Tega Stokes,CUST0421,0.9855311658351908,Critical
No,24,Good,John Smith,CUST0422,0.23920495682224682,Low
No,58,Excellent,Saidu Smith,CUST0423,0.4538420479742331,Medium
No,58,Excellent,Saidu Smith,CUST0423,0.12596411324744178,Low
No,41,Very Good,Maryam Becker,CUST0424,0.23601459300965386,Low
No,41,Very Good,Maryam Becker,CUST0424,0.30180401089712927,Medium
No,23,Excellent,Amina Ortega,CUST0425,0.11242710815500719,Low
No,23,Excellent,Amina Ortega,CUST0425,0.11780744478251381,Low
No,23,Excellent,Amina Ortega,CUST0425,0.08587323354551724,Low
No,16,Excellent,Ese Mathis,CUST0426,0.03900788300823274,Low
No,16,Excellent,Ese Mathis,CUST0426,0.21460326294702806,Low
Yes,26,Excellent,Chinedu West,CUST0427,0.985126785050861,Critical
Yes,26,Excellent,Chinedu West,CUST0427,0.9904268435896972,Critical
Yes,26,Excellent,Chinedu West,CUST0427,0.9710093793552997,Critical
Yes,50,Very Good,Amina Skinner,CUST0428,0.3245135658617485,Medium
No,39,Good,Omamuzo Smith,CUST0429,0.06863517566251993,Low
No,40,Fair,Funke Lawson,CUST0430,0.030025073779339353,Low
No,40,Fair,Funke Lawson,CUST0430,0.0878401959254896,Low
No,40,Fair,Funke Lawson,CUST0430,0.04045110475689635,Low
No,22,Very Good,Kunle Cooper,CUST0431,0.03588154870782445,Low
No,22,Very Good,Kunle Cooper,CUST0431,0.06167774044581071,Low
No,22,Very Good,Kunle Cooper,CUST0431,0.07539334041566258,Low
Yes,57,Fair,Amina Espinoza,CUST0432,0.2392982851601851,Low
Yes,57,Fair,Amina Espinoza,CUST0432,0.5035060461648557,High
Yes,57,Fair,Amina Espinoza,CUST0432,0.5649660487720276,High
No,28,Good,Saidu Whitehead,CUST0433,0.07141238505391845,Low
No,28,Good,Saidu Whitehead,CUST0433,0.10679067195007459,Low
Yes,28,Very Good,John Williams,CUST0434,0.9900648048795043,Critical
Yes,28,Very Good,John Williams,CUST0434,0.988050694943046,Critical
Yes,28,Very Good,John Williams,CUST0434,0.973660274561439,Critical
No,34,Very Good,Michael Santana,CUST0435,0.1541698403768167,Low
Yes,38,Good,Abubakar Bullock,CUST0436,0.9959574990281873,Critical
Yes,38,Good,Abubakar Bullock,CUST0436,0.9979724109971445,Critical
No,56,Good,Alabo Young,CUST0437,0.09142854757115774,Low
Yes,16,Poor,Chinedu Ramos,CUST0438,0.945790375103758,Critical
Yes,48,Excellent,Ifeanyi Zimmerman,CUST0439,0.6296948908842848,High
No,49,Good,John Carter,CUST0440,0.037259651779679215,Low
No,49,Good,John Carter,CUST0440,0.16800822466917018,Low
No,28,Very Good,Grace Williams,CUST0441,0.13126791506687857,Low
Yes,33,Very Good,Sade Johnson,CUST0442,0.28313583050558316,Low
Yes,33,Very Good,Sade Johnson,CUST0442,0.16328118788904653,Low
Yes,33,Very Good,Sade Johnson,CUST0442,0.08534966381417697,Low
No,21,Very Good,Bola Wright,CUST0443,0.2321310427162647,Low
No,21,Very Good,Bola Wright,CUST0443,0.22163771278847424,Low
No,8,Fair,Boma Shah,CUST0444,0.03665172181165868,Low
Yes,9,Poor,Ejiro Wagner,CUST0445,0.9461708301454534,Critical
Yes,6,Very Good,Halima Lambert,CUST0446,0.9951716888758454,Critical
Yes,38,Fair,Grace Hudson,CUST0447,0.9882709307083859,Critical
Yes,38,Fair,Grace Hudson,CUST0447,0.9953963403177565,Critical
No,32,Fair,Abubakar Ryan,CUST0448,0.055712531921932096,Low
No,32,Fair,Abubakar Ryan,CUST0448,0.13261680131017964,Low
No,32,Fair,Abubakar Ryan,CUST0448,0.20864582075182805,Low
Yes,31,Very Good,Funke Chung,CUST0449,0.9869694494243424,Critical
Yes,31,Very Good,Funke Chung,CUST0449,0.9867726230932413,Critical
Yes,31,Very Good,Funke Chung,CUST0449,0.9946135549474011,Critical
Yes,9,Fair,Fatima Curtis,CUST0450,0.9787569348501589,Critical
No,23,Fair,Sade Baker,CUST0451,0.034869789703996644,Low
No,23,Fair,Sade Baker,CUST0451,0.01695667054718847,Low
No,50,Fair,Saidu Jackson,CUST0452,0.1675570023180005,Low
No,50,Fair,Saidu Jackson,CUST0452,0.08005548468827874,Low
No,50,Fair,Saidu Jackson,CUST0452,0.1431311463047668,Low
Yes,56,Good,Michael Madden,CUST0453,0.9711782729432727,Critical
Yes,56,Good,Michael Madden,CUST0453,0.995763195444125,Critical
Yes,56,Good,Michael Madden,CUST0453,0.9657718492922752,Critical
Yes,19,Poor,Tunde Fuller,CUST0454,0.16259994912066356,Low
Yes,19,Poor,Tunde Fuller,CUST0454,0.15541735502961085,Low
No,55,Poor,Boma Baker,CUST0455,0.26825026087746767,Low
No,49,Fair,Amina Diaz,CUST0456,0.04197999764276626,Low
No,53,Excellent,Maryam Martin,CUST0457,0.10404486118386758,Low
Yes,57,Poor,Alabo Bradley,CUST0458,0.9942210941341578,Critical
Yes,57,Poor,Alabo Bradley,CUST0458,0.993864235693299,Critical
No,8,Poor,Ejiro Martin,CUST0460,0.013604687737595189,Low
No,8,Poor,Ejiro Martin,CUST0460,0.010558381657719437,Low
No,8,Poor,Ejiro Martin,CUST0460,0.009410835688433384,Low
Yes,53,Very Good,Halima Walker,CUST0461,0.1912910936046111,Low
Yes,53,Very Good,Halima Walker,CUST0461,0.3224670700466739,Medium
No,56,Excellent,Ejiro Brown,CUST0462,0.22537703403977705,Low
No,56,Excellent,Ejiro Brown,CUST0462,0.11589241877742065,Low
No,45,Very Good,Grace Bell,CUST0463,0.11499221642441965,Low
No,45,Very Good,Grace Bell,CUST0463,0.054391022904144624,Low
No,45,Very Good,Grace Bell,CUST0463,0.03695772619897687,Low
Yes,20,Very Good,Ifeanyi Smith,CUST0464,0.9907881111286863,Critical
No,1,Excellent,Abubakar Ross,CUST0465,0.03840599221263823,Low
No,54,Fair,Alabo Escobar,CUST0466,0.16226706210954514,Low
No,54,Fair,Alabo Escobar,CUST0466,0.406828984512824,Medium
No,22,Very Good,Ibim Hunter,CUST0467,0.04080860267241598,Low
No,22,Very Good,Ibim Hunter,CUST0467,0.035862332524718085,Low
No,22,Very Good,Ibim Hunter,CUST0467,0.054217431482373554,Low
No,49,Excellent,David Boone,CUST0468,0.09514576614045316,Low
No,26,Very Good,Halima Matthews,CUST0469,0.0636909562473709,Low
No,6,Poor,Sarah Gordon,CUST0470,0.15435472485047946,Low
No,6,Poor,Sarah Gordon,CUST0470,0.04904922109670628,Low
No,46,Good,Sade Wagner,CUST0471,0.13435974823893188,Low
No,46,Good,Sade Wagner,CUST0471,0.014555452834005443,Low
No,8,Poor,Halima Adams,CUST0472,0.01677420994712831,Low
No,8,Poor,Halima Adams,CUST0472,0.024584315059518386,Low
No,8,Poor,Halima Adams,CUST0472,0.02520042666067651,Low
No,6,Fair,Amaka Jackson,CUST0473,0.12862482114294155,Low
Yes,54,Fair,Alabo Moreno,CUST0474,0.9960515419893149,Critical
Yes,54,Fair,Alabo Moreno,CUST0474,0.9932631630650626,Critical
No,26,Fair,David Park,CUST0475,0.04660805228966896,Low
No,26,Fair,David Park,CUST0475,0.03449904480360182,Low
No,14,Excellent,Zainab Lam,CUST0476,0.23960181189889665,Low
No,14,Excellent,Zainab Lam,CUST0476,0.09882631211944044,Low
No,14,Excellent,Zainab Lam,CUST0476,0.2762402584455724,Low
No,29,Fair,Ifeanyi Ballard,CUST0478,0.05072781131094611,Low
No,29,Fair,Ifeanyi Ballard,CUST0478,0.028475735763295974,Low
Yes,58,Poor,Ejiro Stewart,CUST0479,0.9849399703900722,Critical
Yes,58,Poor,Ejiro Stewart,CUST0479,0.9938096510397366,Critical
Yes,58,Poor,Ejiro Stewart,CUST0479,0.9780760969415392,Critical
No,57,Fair,Kunle Goodwin,CUST0480,1.6388826282346296e-08,Low
No,18,Excellent,Sade Reed,CUST0481,0.11244671414391627,Low
No,18,Excellent,Sade Reed,CUST0481,0.08732534287144841,Low
No,48,Very Good,Bala Gibson,CUST0482,0.138714235435693,Low
No,54,Good,Ngozi Chan,CUST0484,0.1960776362100783,Low
No,59,Very Good,Alabo Anderson,CUST0485,0.07627680844341236,Low
No,59,Very Good,Alabo Anderson,CUST0485,0.1208924314447961,Low
No,59,Very Good,Alabo Anderson,CUST0485,0.1703869621375575,Low
No,56,Very Good,Tamuno Hudson,CUST0486,0.35287069222572626,Medium
No,56,Very Good,Tamuno Hudson,CUST0486,0.18734181164446082,Low
No,23,Very Good,Kunle Gilmore,CUST0487,0.08268361693750728,Low
No,23,Very Good,Kunle Gilmore,CUST0487,0.08935219141099202,Low
No,10,Good,Michael Jones,CUST0488,0.02171015214624977,Low
No,10,Good,Michael Jones,CUST0488,0.02103555360033147,Low
Yes,51,Good,Oghene Wilson,CUST0489,0.9962375687087989,Critical
Yes,51,Good,Oghene Wilson,CUST0489,0.9924466446675121,Critical
Yes,51,Good,Oghene Wilson,CUST0489,0.9970196327089135,Critical
No,16,Good,Nura Cox,CUST0490,0.08085693953962671,Low
No,16,Good,Nura Cox,CUST0490,0.10715489578955023,Low
No,29,Excellent,Funke Smith,CUST0491,0.1357825216518767,Low
No,29,Excellent,Funke Smith,CUST0491,0.10057975026505363,Low
No,2,Good,Tega Kim,CUST0492,0.05447843253235682,Low
No,16,Good,Tega Fischer,CUST0493,0.18727986945851818,Low
No,16,Good,Tega Fischer,CUST0493,0.18334793815593387,Low
No,16,Good,Tega Fischer,CUST0493,0.09079322265124808,Low
Yes,51,Good,Halima Martin,CUST0494,0.4491710485351101,Medium
Yes,51,Good,Halima Martin,CUST0494,0.6846830995935842,High
No,49,Very Good,Kunle Brown,CUST0495,0.2191016056385929,Low
Yes,41,Fair,Grace Matthews,CUST0496,0.9889215945604501,Critical
Yes,41,Fair,Grace Matthews,CUST0496,0.994339518587411,Critical
No,19,Excellent,Saidu Baker,CUST0497,0.087888649345729,Low
No,19,Excellent,Saidu Baker,CUST0497,0.09242139667143286,Low
No,19,Excellent,Saidu Baker,CUST0497,0.13737792172771512,Low
No,42,Good,Shehu Harris,CUST0498,0.0822720648858646,Low
No,42,Good,Shehu Harris,CUST0498,0.09291767427984071,Low
No,20,Fair,Tega Hood,CUST0499,0.33950467032893056,Medium
Yes,31,Very Good,Oghene Hamilton,CUST0500,0.30262136647585963,Medium
Yes,31,Very Good,Oghene Hamilton,CUST0500,0.3134803293952761,Medium
Yes,31,Very Good,Oghene Hamilton,CUST0500,0.21970104555811348,Low
